{
    "stats": {
        "mean": [
            0.7428815524395873,
            0.6153156817266384,
            0.42802811382176364
        ],
        "std": [
            0.1999362828537491,
            0.19591253993657703,
            0.19467692457772728
        ]
    },
    "label_to_idx": {
        "bfu": 0,
        "bgi": 1,
        "bhi": 2,
        "bka": 3,
        "bke": 4,
        "bki": 5,
        "bky": 6,
        "bng": 7,
        "bnk": 8,
        "bny": 9,
        "bou": 10,
        "bry": 11,
        "bto": 12,
        "bum": 13,
        "emp": 14,
        "wfu": 15,
        "wgi": 16,
        "whi": 17,
        "wka": 18,
        "wke": 19,
        "wki": 20,
        "wky": 21,
        "wng": 22,
        "wnk": 23,
        "wny": 24,
        "wou": 25,
        "wry": 26,
        "wto": 27,
        "wum": 28
    },
    "idx_to_label": {
        "0": "bfu",
        "1": "bgi",
        "2": "bhi",
        "3": "bka",
        "4": "bke",
        "5": "bki",
        "6": "bky",
        "7": "bng",
        "8": "bnk",
        "9": "bny",
        "10": "bou",
        "11": "bry",
        "12": "bto",
        "13": "bum",
        "14": "emp",
        "15": "wfu",
        "16": "wgi",
        "17": "whi",
        "18": "wka",
        "19": "wke",
        "20": "wki",
        "21": "wky",
        "22": "wng",
        "23": "wnk",
        "24": "wny",
        "25": "wou",
        "26": "wry",
        "27": "wto",
        "28": "wum"
    },
    "count": {
        "emp": 1000,
        "bfu": 1634,
        "wfu": 1634,
        "bgi": 407,
        "wgi": 407,
        "bhi": 209,
        "whi": 209,
        "bka": 180,
        "wka": 180,
        "bke": 401,
        "wke": 401,
        "bki": 405,
        "wki": 405,
        "bky": 417,
        "wky": 417,
        "bng": 20,
        "wng": 20,
        "bnk": 22,
        "wnk": 22,
        "bny": 19,
        "wny": 19,
        "bou": 282,
        "wou": 282,
        "bry": 55,
        "wry": 55,
        "bto": 49,
        "wto": 49,
        "bum": 71,
        "wum": 71
    }
}